﻿{
   "ContextClassName": "HoteldbContext",
   "ContextNamespace": "HotelDBContext",
   "DefaultDacpacSchema": null,
   "FilterSchemas": false,
   "IncludeConnectionString": true,
   "ModelNamespace": null,
   "OutputContextPath": "Models",
   "OutputPath": "Models",
   "ProjectRootNamespace": "EFCoreHotel_RazorPages",
   "Schemas": null,
   "SelectedHandlebarsLanguage": 0,
   "SelectedToBeGenerated": 0,
   "Tables": [
      {
         "Name": "[dbo].[Booking]",
         "ObjectType": 0
      },
      {
         "Name": "[dbo].[Guest]",
         "ObjectType": 0
      },
      {
         "Name": "[dbo].[Hotel]",
         "ObjectType": 0
      },
      {
         "Name": "[dbo].[Room]",
         "ObjectType": 0
      }
   ],
   "UseBoolPropertiesWithoutDefaultSql": false,
   "UseDatabaseNames": false,
   "UseDbContextSplitting": false,
   "UseFluentApiOnly": false,
   "UseHandleBars": false,
   "UseInflector": true,
   "UseLegacyPluralizer": false,
   "UseNodaTime": false,
   "UseSpatial": false
}